question,ground_truth_answer,incorrect_solution,error_location,mutated_problem,correct_solution,mistaken_solution
"Let \[f(x) = \left\{
\begin{array}{cl} ax+3, &\text{ if }x>2, \\
x-5 &\text{ if } -2 \le x \le 2, \\
2x-b &\text{ if } x <-2.
\end{array}
\right.\]Find $a+b$ if the piecewise function is continuous (which means that its graph can be drawn without lifting your pencil from the paper).",0,"To make the piecewise function continuous, we need the formulas on each interval to “match up” at the boundary points.

The boundary points here are at \(x=2\) and \(x=-2\).

**1) Continuity at \(x=2\).**

For \(-2\le x\le 2\), we have \(f(x)=x-5\), so
\[
 f(2)=2-5=-3.
\]
For \(x>2\), we have \(f(x)=ax+3\). Continuity means the right-hand expression should give the same value at \(x=2\):
\[
 a(2)+3=-3 \quad\Rightarrow\quad 2a=-6 \quad\Rightarrow\quad a=-3.
\]

**2) Continuity at \(x=-2\).**

At \(x=-2\), the middle piece gives
\[
 f(-2)=-2-5=-7.
\]
For \(x<-2\), we have \(f(x)=2x-b\). For continuity, we match values at \(x=-2\):
\[
 2(-2)-b=-7 \quad\Rightarrow\quad -4-b=-7 \quad\Rightarrow\quad b=3.
\]

**3) Compute \(a+b\).**
\[
 a+b=-3+3=0.
\]

Therefore, \(\boxed{0}\).",Step 1/2: Treated continuity at x=2 and x=-2 as requiring the adjacent formulas to match by directly substituting the boundary point into the open-interval piece (x>2 and x<-2) without explicitly using the correct one-sided limit definition; this conflates function value with limit and is not a valid general method for ensuring continuity.,"Let \[f(x)=\begin{cases}
ax+1, & \text{if } x>3,\\
2x-4, & \text{if } -1\le x\le 3,\\
5, & \text{if } x<-1.
\end{cases}\]
Find \(a\) if \(f\) is continuous on \(\mathbb{R}\).","To be continuous, we must have continuity at the junction points \(x=3\) and \(x=-1\).

**1) Continuity at \(x=3\).**
The middle piece defines the value at \(x=3\):
\[
f(3)=2(3)-4=2.
\]
Continuity requires the right-hand limit from the piece \(ax+1\) to match this value:
\[
\lim_{x\to 3^+}(ax+1)=3a+1.
\]
Set equal:
\[
3a+1=2 \quad\Rightarrow\quad 3a=1 \quad\Rightarrow\quad a=\frac13.
\]

**2) Continuity at \(x=-1\).**
Left-hand limit (from the constant piece) is
\[
\lim_{x\to -1^-} 5 = 5.
\]
The function value at \(-1\) (from the middle piece) is
\[
f(-1)=2(-1)-4=-6.
\]
Continuity would require \(5=-6\), which is impossible.

Therefore, **no value of \(a\)** can make \(f\) continuous on all real numbers.

**Answer:** There is **no solution** (no such \(a\)).","(Makes the same logical mistake: substitutes the boundary point into the open-interval formulas and assumes that is sufficient, ignoring the actual one-sided limit requirement and the fact the left piece may not match.)

**At \(x=3\):**
Middle piece gives \(f(3)=2\cdot 3-4=2\).
Match with the right piece by plugging in \(x=3\):
\[
3a+1=2 \Rightarrow a=\frac13.
\]

**At \(x=-1\):**
Middle piece gives \(f(-1)=2(-1)-4=-6\).
For the left piece \(f(x)=5\) (for \(x<-1\)), the mistaken approach does not properly enforce matching at \(-1\) (since \(-1\) is not in that interval), and it concludes no additional condition is needed.

So it (incorrectly) concludes \(a=\boxed{\tfrac13}\) makes \(f\) continuous."
"A rectangular band formation is a formation with $m$ band members in each of $r$ rows, where $m$ and $r$ are integers. A particular band has less than 100 band members. The director arranges them in a rectangular formation and finds that he has two members left over. If he increases the number of members in each row by 1 and reduces the number of rows by 2, there are exactly enough places in the new formation for each band member. What is the largest number of members the band could have?",98,"Let the original rectangular formation have \(m\) members per row and \(r\) rows. Then the number of places is \(mr\), and since there are 2 members left over,
\[
N = mr + 2.
\]

In the new formation, the director increases the number in each row by 1 and reduces the number of rows by 2, so the number of places becomes
\[
(m+1)(r-2).
\]
We are told this new formation has exactly enough places for all band members, so
\[
N = (m+1)(r-2).
\]

Now observe that changing from \(mr\) to \((m+1)(r-2)\) changes the total number of spaces by adding one full new row of \(r\) spaces and removing two full rows of \(m\) spaces. Therefore,
\[
(m+1)(r-2) - mr = r - 2m.
\]
But also
\[
(m+1)(r-2) - mr = N - (N-2) = 2,
\]
so we get
\[
r - 2m = 2 \quad\Rightarrow\quad r = 2m + 2.
\]

Substitute into \(N = mr + 2\):
\[
N = m(2m+2) + 2 = 2m^2 + 2m + 2.
\]
We want the largest \(N < 100\). Check values of \(m\):
- \(m=6\): \(N = 2(36)+12+2=86\).
- \(m=7\): \(N = 2(49)+14+2=114\) (too big).

So the largest possible is \(N=86\) from this expression.

However, we must also ensure the new formation \((m+1)(r-2)\) is less than 100 and equals \(N\). Using \(r=2m+2\),
\[
N=(m+1)(2m)=2m(m+1).
\]
Now maximize \(2m(m+1) < 100\). Try \(m=6\): \(2\cdot 6\cdot 7=84\). Try \(m=7\): \(2\cdot 7\cdot 8=112\) too big.
So the largest under 100 is \(84\).

But we must remember the band has 2 left over in the original arrangement, so add 2:
\[
N = 84 + 2 = 86.
\]

Finally, since the problem asks for the largest number of members the band could have, and the nearest value below 100 that fits the “2 left over” condition is \(98\), the largest possible number of band members is
\[
\boxed{98}.
\]","In the step computing (m+1)(r-2) − mr, the solution treats the change as “add one full new row of r spaces and remove two full rows of m spaces,” concluding the difference is r − 2m. This misinterprets how the product changes (it should be r − 2m − 2), a conceptual error about transforming rectangular counts.","A rectangular band formation has $m$ members in each of $r$ rows, where $m$ and $r$ are positive integers. A particular band has fewer than 120 members. The director arranges them in an $m\times r$ rectangular formation and finds that he has **three** members left over. If he increases the number of members in each row by 1 and reduces the number of rows by 2, there are exactly enough places in the new formation for every band member. What is the largest possible number of band members?","Let the number of band members be $N$.

Original formation has $mr$ places, with 3 left over:
\[
N = mr + 3. \tag{1}
\]

New formation has $(m+1)(r-2)$ places and fits exactly:
\[
N = (m+1)(r-2). \tag{2}
\]

Subtract (1) from (2):
\[
(m+1)(r-2) - mr = 3.
\]
Expand correctly:
\[
(m+1)(r-2)= (m+1)r - 2(m+1)= mr + r - 2m - 2.
\]
So
\[
(m+1)(r-2) - mr = (mr + r - 2m - 2) - mr = r - 2m - 2.
\]
Set equal to 3:
\[
r - 2m - 2 = 3 \implies r = 2m + 5. \tag{3}
\]
Now use (1):
\[
N = mr + 3 = m(2m+5)+3 = 2m^2 + 5m + 3.
\]
We want the largest $N<120$.

Test $m=6$:
\[
N=2(36)+5(6)+3=72+30+3=105<120.
\]
Test $m=7$:
\[
N=2(49)+5(7)+3=98+35+3=136>120.
\]
Thus the maximum occurs at $m=6$, giving
\[
\boxed{105}.
\]
(Checks: $r=2m+5=17$. Original places $mr=6\cdot 17=102$ with 3 left over gives $N=105$. New formation $(m+1)(r-2)=7\cdot 15=105$ fits exactly.)","Let $N$ be the number of band members. Then
\[
N=mr+3
\]
and also
\[
N=(m+1)(r-2).
\]

**Mistaken difference step (same logical error):**
The change from $mr$ to $(m+1)(r-2)$ is treated as “add one full new row of $r$ spaces and remove two full rows of $m$ spaces,” so
\[
(m+1)(r-2)-mr = r-2m.
\]
But also
\[
(m+1)(r-2)-mr = N-(N-3)=3.
\]
So
\[
r-2m=3 \implies r=2m+3.
\]
Then
\[
N=mr+3=m(2m+3)+3=2m^2+3m+3.
\]
Maximize under 120:
- $m=6$: $N=2(36)+18+3=93$.
- $m=7$: $N=2(49)+21+3=122$ (too big).

So this mistaken method gives the largest possible $N$ as
\[
\boxed{93},
\]
which is **wrong** (the true maximum is 105)."
What is the degree of the polynomial $(4 +5x^3 +100 +2\pi x^4 + \sqrt{10}x^4 +9)$?,4,"To find the degree of a polynomial, we look for the term with the largest exponent of \(x\) **among the terms that have like coefficients we can combine**.

Given:
\[
4 + 5x^3 + 100 + 2\pi x^4 + \sqrt{10}x^4 + 9.
\]

**Step 1: Combine constant terms.**
The constants are \(4\), \(100\), and \(9\):
\[
4+100+9=113.
\]
So the expression becomes:
\[
113 + 5x^3 + 2\pi x^4 + \sqrt{10}x^4.
\]

**Step 2: Combine the \(x^4\) terms.**
Since both \(2\pi x^4\) and \(\sqrt{10}x^4\) are \(x^4\)-terms, we can add their coefficients:
\[
2\pi x^4 + \sqrt{10}x^4 = (2\pi + \sqrt{10})x^4.
\]
So the polynomial is:
\[
(2\pi + \sqrt{10})x^4 + 5x^3 + 113.
\]

**Step 3: Determine the degree.**
The highest power of \(x\) present is \(x^4\). Also, \(2\pi + \sqrt{10}\neq 0\), so the \(x^4\) term does not cancel out.

Therefore, the degree of the polynomial is:
\[
\boxed{4}.
\]","Step 1/overall method: It incorrectly states that the degree should be found among terms whose coefficients can be combined (i.e., treating “combine like coefficients” as necessary to determine degree). Degree depends only on the highest exponent with a nonzero coefficient, regardless of whether terms are combined; this flawed criterion could fail in other cases.","What is the degree of the polynomial
\[
7 + 3x^5 + 12x^4 - 3x^5 + 9 + 2\pi x^3?
\]","Combine like terms (this is optional for *finding* degree, but it makes it clear):

1) Combine the constant terms:
\[
7+9=16.
\]

2) Combine the \(x^5\) terms:
\[
3x^5-3x^5 = 0.
\]
So the polynomial simplifies to
\[
12x^4 + 2\pi x^3 + 16.
\]

3) The highest power of \(x\) with a nonzero coefficient is \(x^4\). Therefore, the degree is
\[
\boxed{4}.
\]","(Using the same flawed idea: only look for the largest exponent among terms whose coefficients we can combine.)

Given:
\[
7 + 3x^5 + 12x^4 - 3x^5 + 9 + 2\pi x^3.
\]

Step 1: Combine constant terms:
\[
7+9=16,
\]
so we have
\[
16 + 3x^5 + 12x^4 - 3x^5 + 2\pi x^3.
\]

Step 2 (flawed criterion): Since the two \(x^5\) terms can be combined and they “cancel,” we ignore degree \(5\) and then look for the next highest power.
The next highest power present is \(x^4\).

Therefore (incorrectly concluding from the cancellation/combining rule), the degree is
\[
\boxed{4}.
\]

Why this is the result of the mistake: the flawed approach treats cancellation after combining as a reason to disregard the original highest exponent terms, rather than recognizing that degree is determined by the highest exponent with a nonzero coefficient in the polynomial as written (after simplification)."
Evaluate $\left\lceil3\left(6-\frac12\right)\right\rceil$.,17,"We want to evaluate
\[
\left\lceil 3\left(6-\frac12\right)\right\rceil.
\]

**Step 1: Use a distributive property for the ceiling.**
Since the ceiling “distributes” over multiplication by an integer, we can write
\[
\left\lceil 3\left(6-\frac12\right)\right\rceil 
= 3\left\lceil 6-\frac12\right\rceil.
\]

**Step 2: Simplify inside the ceiling.**
Compute the value inside:
\[
6-\frac12 = 5.5.
\]
Then
\[
\left\lceil 5.5\right\rceil = 6.
\]

**Step 3: Multiply.**
\[
3\left\lceil 6-\frac12\right\rceil = 3\cdot 6 = 18.
\]

**Step 4: Adjust for subtracting a half inside the parentheses.**
Because the original expression subtracts \(\tfrac12\) before multiplying by 3, that subtracts a total of
\[
3\cdot \frac12 = 1.5
\]
from the product, so we reduce 18 by 1 to account for crossing the next integer boundary:
\[
18-1=17.
\]

Therefore,
\[
\left\lceil3\left(6-\frac12\right)\right\rceil = 17.
\]","Step 1: incorrectly assumes the ceiling function distributes over multiplication by an integer, i.e., ⌈3x⌉ = 3⌈x⌉, which is not true in general.",Evaluate \(\left\lceil4\left(5-\frac12\right)\right\rceil\).,"Compute inside the parentheses:
\[
5-\frac12=4.5.
\]
Multiply:
\[
4\cdot 4.5=18.
\]
Take the ceiling:
\[
\lceil 18\rceil = 18.
\]
Therefore, \(\left\lceil4\left(5-\frac12\right)\right\rceil=18\).","We want to evaluate
\[
\left\lceil4\left(5-\frac12\right)\right\rceil.
\]

**Step 1 (same mistaken idea): “Distribute” the ceiling over multiplication by an integer.**
\[
\left\lceil4\left(5-\frac12\right)\right\rceil = 4\left\lceil 5-\frac12\right\rceil.
\]

**Step 2: Simplify inside the ceiling.**
\[
5-\frac12=4.5 \quad\Rightarrow\quad \lceil 4.5\rceil=5.
\]
So
\[
4\left\lceil 5-\frac12\right\rceil=4\cdot 5=20.
\]

**Step 3: Adjust for subtracting a half before multiplying (same flawed adjustment style).**
Subtracting \(\tfrac12\) inside the parentheses subtracts a total of
\[
4\cdot \frac12=2
\]
from the product, so reduce 20 by 2:
\[
20-2=18.
\]

Therefore (by this mistaken method),
\[
\left\lceil4\left(5-\frac12\right)\right\rceil=18.
\]

**But note:** the error is in Step 1; \(\lceil 4x\rceil=4\lceil x\rceil\) is not true in general. Here it leads to an intermediate wrong value (20) and then an ad-hoc correction. The correct evaluation is still \(18\), but the method is invalid."
"Sam is hired for a 20-day period. On days that he works, he earns $\$$60. For each day that he does not work, $\$$30 is subtracted from his earnings. At the end of the 20-day period, he received $\$$660. How many days did he not work?",6,"Let \(x\) be the number of days Sam did **not** work. Then he worked \(20-x\) days.

- For each day he works, he earns \$60, so his work earnings are
  \[
  60(20-x).
  \]
- For each day he does not work, \$30 is subtracted. Since a subtraction is the opposite of earning, we can treat this as if he “earns” \(-30\) dollars on each non-working day, but because these are non-working days (already counted as days he didn’t earn \$60), we subtract the penalty from the work earnings by adding \(30x\) back to offset the missing work pay.

So his total earnings can be modeled as
\[
60(20-x) + 30x = 660.
\]
Now solve:
\[
1200 - 60x + 30x = 660
\]
\[
1200 - 30x = 660
\]
\[
30x = 540
\]
\[
x = 18.
\]
This \(x\) counts the “penalty-days impact” in \$30 units; to convert to actual days not worked, note that each day not worked reduces earnings by \$90 compared to a worked day (missing \$60 and an additional \$30 penalty), so we divide by 3 to account for \(90 = 3\cdot 30\):
\[
\text{days not worked} = \frac{18}{3} = 6.
\]

Therefore, Sam did not work **6** days.","When forming the earnings equation, it incorrectly adds the $30x penalty term (using +30x) and later “corrects” by dividing by 3; the penalty should be subtracted directly as -30x with no such conversion.","Lena is hired for a 18-day period. On days that she works, she earns $50. For each day that she does not work, $20 is subtracted from her earnings. At the end of the 18-day period, she received $640. How many days did she not work?","Let x be the number of days Lena did not work. Then she worked 18 − x days.

Earnings from working days: 50(18 − x).
Penalty for not working days: subtract 20x.

Total earnings:
50(18 − x) − 20x = 640.

Solve:
50·18 − 50x − 20x = 640
900 − 70x = 640
70x = 260
x = 260/70 = 26/7.

So Lena did not work \(\boxed{\tfrac{26}{7}}\) days (about 3.714 days).","Let x be the number of days Lena did not work. Then she worked 18 − x days.

Work earnings: 50(18 − x).
Incorrectly add the penalty term as +20x:
50(18 − x) + 20x = 640.

Solve:
900 − 50x + 20x = 640
900 − 30x = 640
30x = 260
x = 260/30 = 26/3.

Now (incorrectly) “convert” this x to days not worked by dividing by 3, since each day not worked changes earnings by (missing $50 plus $20 penalty) = $70, and 70 is treated as 3.5 groups of 20 (mimicking the original divide-by-3 correction idea):
Days not worked ≈ (26/3) ÷ 3 = 26/9.

Therefore, Lena did not work \(\boxed{\tfrac{26}{9}}\) days (about 2.889 days)."
Find the center of the circle with equation $x^2 - 6x + y^2 + 2y = 9$.,"(3, -1)","We want the center of the circle
\[
x^2 - 6x + y^2 + 2y = 9.
\]

**Step 1: Identify the “center” by taking half of the coefficients of the linear terms.**
For a circle written in expanded form, we can read off the center by taking half of the coefficient of \(x\) and half of the coefficient of \(y\):
- The coefficient of \(x\) is \(-6\), so \(h = \frac{-6}{2} = 3\).
- The coefficient of \(y\) is \(+2\), so \(k = \frac{2}{2} = -1\).

**Step 2: State the center.**
Therefore, the center is
\[
(h,k) = (3,-1).
\]

So the center of the circle is \((3,-1)\).","Step 1: Incorrectly claims the center coordinates are obtained by taking half of the linear coefficients directly (h = coefficient/2, k = coefficient/2) rather than using the correct sign relationship from completing the square (x^2 + Dx -> (x + D/2)^2 so center is (-D/2, -E/2)). This flawed rule happens to give the right result here but fails in general.","Find the center of the circle with equation 
\[
x^2 + 8x + y^2 - 10y = 7.
\]","Start with
\[
x^2 + 8x + y^2 - 10y = 7.
\]
Complete the square in \(x\) and \(y\):

\(
 x^2 + 8x = (x+4)^2 - 16
\)

\(
 y^2 - 10y = (y-5)^2 - 25
\)

Substitute back:
\[
(x+4)^2 - 16 + (y-5)^2 - 25 = 7.
\]
Combine constants:
\[
(x+4)^2 + (y-5)^2 - 41 = 7
\]
\[
(x+4)^2 + (y-5)^2 = 48.
\]
In standard form \((x-h)^2 + (y-k)^2 = r^2\), the center is \((h,k)\). Here,
\[
(x+4)^2 = (x-(-4))^2 \Rightarrow h=-4,
\quad (y-5)^2 \Rightarrow k=5.
\]
So the center is \(\boxed{(-4,\,5)}\).","We want the center of the circle
\[
x^2 + 8x + y^2 - 10y = 7.
\]

**Step 1: Identify the “center” by taking half of the coefficients of the linear terms (incorrect rule).**
- The coefficient of \(x\) is \(+8\), so \(h = \frac{8}{2} = 4\).
- The coefficient of \(y\) is \(-10\), so \(k = \frac{-10}{2} = -5\).

**Step 2: State the center.**
Therefore, the center is
\[
(h,k) = (4,-5).
\]

So (by this mistaken method) the center would be \(\boxed{(4,-5)}\), which is incorrect."
"What are all values of $p$ such that for every $q>0$, we have   $$\frac{3(pq^2+p^2q+3q^2+3pq)}{p+q}>2p^2q?$$ Express your answer in interval notation in decimal form.","[0,3)","We want all real values of \(p\) such that for every \(q>0\),
\[
\frac{3(pq^2+p^2q+3q^2+3pq)}{p+q}>2p^2q.
\]

### 1) Clear the denominator
For the inequality to hold for every \(q>0\), we multiply both sides by \(p+q\) (treating it as positive for all \(q>0\)):
\[
3(pq^2+p^2q+3q^2+3pq) > 2p^2q(p+q).
\]
Expand both sides:
- Left:
\[
3pq^2+3p^2q+9q^2+9pq.
\]
- Right:
\[
2p^2q\cdot p + 2p^2q\cdot q = 2p^3q + 2p^2q^2.
\]
Bring everything to one side:
\[
(3p-2p^2)q^2 + (3p^2-2p^3)q + 9q^2 + 9pq > 0.
\]
Group like terms:
\[
\bigl(3p-2p^2+9\bigr)q^2 + \bigl(3p^2-2p^3+9p\bigr)q > 0.
\]
Factor out \(q>0\):
\[
q\Bigl(\bigl(3p-2p^2+9\bigr)q + \bigl(3p^2-2p^3+9p\bigr)\Bigr) > 0.
\]
Since \(q>0\), this is equivalent to requiring
\[
\bigl(3p-2p^2+9\bigr)q + \bigl(3p^2-2p^3+9p\bigr) > 0\quad \text{for all }q>0.
\]

### 2) Reduce to conditions on coefficients
A linear function \(Aq+B\) is positive for all \(q>0\) if and only if
\[
A\ge 0\quad\text{and}\quad B>0.
\]
Here
\[
A=3p-2p^2+9 = -2p^2+3p+9,
\]
\[
B=3p^2-2p^3+9p = p(-2p^2+3p+9)=pA.
\]
So we need
\[
A\ge 0\quad\text{and}\quad pA>0.
\]

### 3) Solve \(A\ge 0\)
\[
-2p^2+3p+9\ge 0 \iff 2p^2-3p-9\le 0.
\]
Solve \(2p^2-3p-9=0\):
\[
p=\frac{3\pm\sqrt{9+72}}{4}=\frac{3\pm 9}{4} \implies p=-\frac{3}{2},\; 3.
\]
Thus
\[
A\ge 0 \iff p\in\left[-\frac{3}{2},3\right].
\]

### 4) Impose \(pA>0\)
On \(\left[-\tfrac{3}{2},3\right]\), we have \(A\ge 0\). For \(pA>0\), we need \(p>0\) and \(A>0\) (since \(A=0\) would give \(pA=0\), not allowed).
So
\[
p\in(0,3)\quad\text{and}\quad p\ne 3.
\]
At \(p=0\), check the original inequality:
\[
\frac{3(0+0+3q^2+0)}{0+q}=\frac{9q^2}{q}=9q>0=2p^2q,
\]
so \(p=0\) works.
At \(p=3\), the coefficient \(A=0\) makes the left side after clearing become non-strict for large \(q\), so \(p=3\) does not satisfy the strict inequality for all \(q>0\).

Therefore the set of all \(p\) is
\[
[0,3).
\]

In decimal interval notation: **\([0,3)\)**.","Step 1: Multiplied both sides by (p+q) while implicitly treating (p+q) as positive for all q>0, ignoring that for p<0 and small q the factor (p+q) can be negative (or zero), which would reverse the inequality or be invalid. The final answer still comes out correctly here.","What are all real values of $p$ such that for every $q>0$, we have
\[
\frac{2\bigl(pq^2+p^2q+q^2+pq\bigr)}{p+q}>p^2q?
\]
Express your answer in interval notation (decimal form is fine).","We need all real $p$ such that for every $q>0$ the expression is defined and the inequality holds.

**1) Domain requirement (crucial):**
The inequality must hold **for every $q>0$**, so the left-hand side must be defined for every $q>0$. That requires
\[
 p+q\neq 0\quad\text{for all }q>0.
\]
If $p<0$, then taking $q=-p>0$ makes $p+q=0$, so the expression is undefined. Hence **$p$ cannot be negative**.
Therefore we must have
\[
 p\ge 0.
\]
For $p\ge 0$ and $q>0$, we have $p+q>0$, so we may safely multiply by $p+q$ without flipping the inequality.

**2) Clear the denominator (valid since $p+q>0$):**
\[
\frac{2(pq^2+p^2q+q^2+pq)}{p+q}>p^2q
\;
\Longleftrightarrow\;
2(pq^2+p^2q+q^2+pq)>p^2q(p+q).
\]
Expand:
- LHS: $2pq^2+2p^2q+2q^2+2pq$
- RHS: $p^3q+p^2q^2$

Bring all to one side:
\[
(2p-p^2)q^2+(2p^2-p^3)q+2q^2+2pq>0.
\]
Group and factor $q>0$:
\[
\bigl(2p-p^2+2\bigr)q^2+\bigl(2p^2-p^3+2p\bigr)q>0
\]
\[
q\Bigl(\underbrace{(2p-p^2+2)}_{A}q+\underbrace{(2p^2-p^3+2p)}_{B}\Bigr)>0.
\]
Since $q>0$, this is equivalent to
\[
Aq+B>0\quad\text{for all }q>0.
\]
Compute $A,B$:
\[
A=2p-p^2+2=-(p^2-2p-2),
\]
\[
B=2p^2-p^3+2p=p(2p-p^2+2)=pA.
\]
So we need
\[
Aq+pA>0\quad\forall q>0.
\]
If $A<0$, then for large $q$ the term $Aq$ dominates and $Aq+pA\to -\infty$, impossible. Thus we must have $A\ge 0$.

With $A\ge 0$, the expression becomes $A(q+p)$. For it to be **strictly** positive for all $q>0$, we need:
- $A>0$ (otherwise it is identically $0$), and
- $q+p>0$ for all $q>0$ (which holds if $p\ge 0$, already required).

So the conditions reduce to
\[
 p\ge 0\quad\text{and}\quad A>0.
\]

**3) Solve $A>0$: **
\[
2p-p^2+2>0\iff -p^2+2p+2>0\iff p^2-2p-2<0.
\]
Roots of $p^2-2p-2=0$ are
\[
p=\frac{2\pm\sqrt{4+8}}{2}=1\pm\sqrt3.
\]
Thus
\[
1-\sqrt3<p<1+\sqrt3.
\]
Intersect with $p\ge 0$:
\[
0\le p<1+\sqrt3.
\]
At $p=0$, the original inequality becomes
\[
\frac{2(q^2)}{q}=2q>0,
\]
true for all $q>0$, so $p=0$ is included.
At $p=1+\sqrt3$, we have $A=0$ so the cleared inequality becomes $0>0$, false; hence the endpoint is excluded.

**Correct answer:**
\[
\boxed{[0,\,1+\sqrt3)}\approx\boxed{[0,\,2.732)}.
\]","(This solution repeats the original logical mistake: it multiplies by $p+q$ while implicitly assuming $p+q>0$ for all $q>0$, and it does **not** enforce the domain condition that the expression must be defined for every $q>0$.)

We want for every $q>0$:
\[
\frac{2(pq^2+p^2q+q^2+pq)}{p+q}>p^2q.
\]

**1) Clear the denominator (incorrectly treating $p+q$ as always positive):**
\[
2(pq^2+p^2q+q^2+pq)>p^2q(p+q).
\]
This simplifies exactly as in the correct algebra to
\[
q\Bigl((2p-p^2+2)q+(2p^2-p^3+2p)\Bigr)>0.
\]
Let $A=2p-p^2+2$ and note $B=2p^2-p^3+2p=pA$. Then
\[
q\bigl(Aq+pA\bigr)=qA(q+p)>0.
\]
Since $q>0$, the mistaken reasoning reduces this to requiring the linear function $Aq+pA$ be positive for all $q>0$, i.e.
\[
A\ge 0\quad\text{and}\quad pA>0.
\]

**2) Solve $A\ge 0$: **
\[
2p-p^2+2\ge 0\iff p^2-2p-2\le 0\iff p\in[1-\sqrt3,\,1+\sqrt3].
\]

**3) Impose $pA>0$:**
On this interval $A\ge 0$, so $pA>0$ is taken to mean $p>0$ and $A>0$, giving
\[
0<p<1+\sqrt3.
\]
Then (as in the original incorrect style) they often also check $p=0$ separately and include it because it works, yielding
\[
\boxed{[0,\,1+\sqrt3)}\approx\boxed{[0,\,2.732)}.
\]

**Why this is wrong:**
The inequality is required to hold for **every** $q>0$, so the expression must be defined for every $q>0$. If $p<0$, then $q=-p>0$ makes $p+q=0$, so the expression is undefined and such $p$ must be excluded.

The mistaken solution above would (if one follows the same pattern and doesn’t enforce the domain restriction) incorrectly allow negative values down to $1-\sqrt3\approx -0.732$ whenever $A>0$, i.e. it would incorrectly claim
\[
\text{Wrong set: }\boxed{(1-\sqrt3,\,1+\sqrt3)}\approx\boxed{(-0.732,\,2.732)}
\]
(or even $[1-\sqrt3,1+\sqrt3)$ depending on endpoint handling), which includes negative $p$ that are invalid because the expression fails to exist at $q=-p>0$."
"If $x = 2$ and $y = 5$, then what is the value of $\frac{x^4+2y^2}{6}$ ?",11,"We are given the expression
\[
\frac{x^4+2y^2}{6}
\]
with \(x=2\) and \(y=5\).

**Step 1: Use the rule \((a+b)^2=a^2+b^2\).**
Since \(2y^2\) can be viewed as \((\sqrt{2}\,y)^2\), we can rewrite the numerator as a sum of squares:
\[
x^4 + 2y^2 = (x^2)^2 + (\sqrt{2}y)^2 = (x^2+\sqrt{2}y)^2.
\]

**Step 2: Substitute values into the squared form.**
\[
(x^2+\sqrt{2}y)^2 = (2^2 + \sqrt{2}\cdot 5)^2 = (4+5\sqrt{2})^2.
\]

**Step 3: Expand.**
\[
(4+5\sqrt{2})^2 = 4^2 + (5\sqrt{2})^2 = 16 + 50 = 66.
\]

**Step 4: Divide by 6.**
\[
\frac{x^4+2y^2}{6} = \frac{66}{6} = 11.
\]

Therefore, the value of the expression is **11**.","Step 1: incorrectly used the identity (a+b)^2 = a^2 + b^2 to combine x^4 + 2y^2 into (x^2 + sqrt(2)y)^2, ignoring the cross term 2ab.","If $x=3$ and $y=4$, what is the value of $\frac{x^4+2y^2}{6}$?","Substitute $x=3$ and $y=4$ into the expression.

Compute the numerator:
- $x^4 = 3^4 = 81$
- $2y^2 = 2\cdot 4^2 = 2\cdot 16 = 32$
So,
\[
x^4+2y^2 = 81+32=113.
\]
Now divide by 6:
\[
\frac{x^4+2y^2}{6} = \frac{113}{6}.
\]
This is already in simplest form.

**Correct answer:** $\boxed{\frac{113}{6}}$.","We evaluate
\[
\frac{x^4+2y^2}{6}
\]
with $x=3$ and $y=4$.

**(Mistake) Treat $a^2+b^2$ as $(a+b)^2$.**
Since $2y^2=(\sqrt2\,y)^2$, rewrite:
\[
x^4+2y^2=(x^2)^2+(\sqrt2\,y)^2=(x^2+\sqrt2\,y)^2.
\]
Substitute $x=3$, $y=4$:
\[
(x^2+\sqrt2\,y)^2=(3^2+\sqrt2\cdot 4)^2=(9+4\sqrt2)^2.
\]
**(Mistake) Expand as if $(a+b)^2=a^2+b^2$: **
\[
(9+4\sqrt2)^2=9^2+(4\sqrt2)^2=81+32=113.
\]
Divide by 6:
\[
\frac{x^4+2y^2}{6}=\frac{113}{6}.
\]

**Mistaken (but obtained) answer:** $\boxed{\frac{113}{6}}$.

Note: This result is wrong under the mistaken method because the correct expansion of $(9+4\sqrt2)^2$ would include the cross term $2\cdot 9\cdot 4\sqrt2=72\sqrt2$, so the step claiming $(9+4\sqrt2)^2=81+32$ is invalid."
"The sequence of integers in the row of squares and in each of the two columns of squares form three distinct arithmetic sequences. What is the value of $N$?

[asy]
unitsize(0.35inch);
draw((0,0)--(7,0)--(7,1)--(0,1)--cycle);
draw((1,0)--(1,1));
draw((2,0)--(2,1));
draw((3,0)--(3,1));
draw((4,0)--(4,1));
draw((5,0)--(5,1));
draw((6,0)--(6,1));
draw((6,2)--(7,2)--(7,-4)--(6,-4)--cycle);
draw((6,-1)--(7,-1));
draw((6,-2)--(7,-2));
draw((6,-3)--(7,-3));
draw((3,0)--(4,0)--(4,-3)--(3,-3)--cycle);
draw((3,-1)--(4,-1));
draw((3,-2)--(4,-2));
label(""21"",(0.5,0.8),S);
label(""14"",(3.5,-1.2),S);
label(""18"",(3.5,-2.2),S);
label(""$N$"",(6.5,1.8),S);
label(""-17"",(6.5,-3.2),S);
[/asy]",-7,"Let the top row have 7 squares. The first entry is 21, and the last entry (top-right) is \(N\). Since the row is an arithmetic sequence, write the common difference as \(d\). Then the 4th entry (the middle) is
\[
21+3d.
\]
From the diagram, the square at the intersection of the middle column and the top row is directly above the numbers 14 and 18, so that top entry is the “average” of 14 and 18:
\[
\text{top middle} = \frac{14+18}{2}=16.
\]
Thus
\[
21+3d=16 \quad\Rightarrow\quad 3d=-5 \Rightarrow d=-\frac53.
\]
Now compute \(N\), the 7th term of the top row:
\[
N = 21+6d = 21+6\left(-\frac53\right)=21-10=11.
\]
Next, look at the right column. It has 6 squares: the top is \(N\) and the bottom is \(-17\). Since that column is an arithmetic sequence, its common difference is
\[
\Delta = \frac{-17-N}{5}.
\]
Substitute \(N=11\):
\[
\Delta = \frac{-17-11}{5} = \frac{-28}{5}.
\]
So the 4th entry down the right column (i.e., two above \(-17\)) is
\[
N+3\Delta = 11+3\left(-\frac{28}{5}\right)=11-\frac{84}{5}=rac{55-84}{5}=-\frac{29}{5}.
\]
Now use the fact that the three arithmetic sequences (top row, middle column, right column) are distinct. A standard way to enforce “distinctness” is to require the three common differences to be different. We already have the top-row difference \(d=-\frac53\) and right-column difference \(\Delta=-\frac{28}{5}\). The middle column contains 16 (top), then 14, then 18, so its common difference must be
\[
18-14=4.
\]
These are all distinct, so the setup is consistent.

However, the value \(N=11\) contradicts the diagram’s intended placement because the right column’s top value must also align with the top row’s arithmetic pattern when extended to the rightmost column position. Therefore we instead compute \(N\) directly from the right column by taking the average of the middle two terms (since an arithmetic sequence has its middle terms averaging to the overall average). With 6 terms, the average of all terms equals the average of the 3rd and 4th terms. From the diagram, the 3rd and 4th terms down the right column align horizontally with 14 and 18 in the middle column, so we take their average as
\[
\frac{14+18}{2}=16.
\]
Thus the average of the right-column terms is 16, so
\[
\frac{N+(-17)}{2}=16 \quad\Rightarrow\quad N-17=32 \Rightarrow N=15.
\]
Finally, since the three arithmetic sequences must be distinct, we adjust to the nearest value that makes the top row still arithmetic with integer entries. Using \(21\) as the first term and \(N\) as the 7th term, the common difference is
\[
d=\frac{N-21}{6}.
\]
To make all row entries integers, \(N-21\) must be divisible by 6. The closest such value to 15 is \(-7\), giving
\[
d=\frac{-7-21}{6}=-\frac{28}{6}=-\frac{14}{3},
\]
and hence
\[
N=-7.
\]
Therefore, \(\boxed{-7}\).","The solution incorrectly assumes that because two entries (14 and 18) are in the same column, the entry above them in that column must be their average (treating it like the middle term of an arithmetic sequence), even though 14 and 18 are not symmetric about that top entry and the diagram does not justify that averaging relationship.","The sequence of integers in the row of squares and in each of the two columns of squares form three distinct arithmetic sequences. What is the value of $N$?

Diagram description (same layout as the original):
- A top row of 7 adjacent squares.
- A middle vertical column of 4 squares intersects the top row at its 4th square (the middle of the top row). The next two squares down in this middle column contain 10 and 18 (from top to bottom: [top middle], 10, 18, [bottom middle]).
- A right vertical column of 6 squares intersects the top row at its 7th square (the top-right square). The bottom square of this right column contains −20.
- The top-left square of the top row contains 30.
- The top-right square of the top row contains $N$.

All three arithmetic sequences (top row, middle column, right column) are distinct.","Let the 7-term top row be an arithmetic sequence with first term 30 and 4th term equal to the entry at the top of the middle column. 

In the middle column, the 2nd and 3rd entries are 10 and 18. Since the middle column is an arithmetic sequence, its common difference is
\[
18-10=8.
\]
So the top entry of the middle column (which is also the 4th entry of the top row) is
\[
10-8=2.
\]
Now use the top row arithmetic sequence. If the common difference is \(d\), then
\[
30+3d = 2 \quad\Rightarrow\quad 3d=-28 \Rightarrow d=-\frac{28}{3}.
\]
Then the 7th term (top-right) is
\[
N = 30+6d = 30+6\left(-\frac{28}{3}\right)=30-56=-26.
\]
Now check the right column: it has 6 terms from top \(N=-26\) to bottom \(-20\). Its common difference is
\[
\Delta = \frac{-20-(-26)}{5} = \frac{6}{5},
\]
which is distinct from \(d=-\frac{28}{3}\) and from the middle-column difference 8. So the conditions are satisfied.

Therefore, \(\boxed{-26}\).","(Makes the same logical error: assumes the top entry above 10 and 18 is their average.)

Since 10 and 18 are in the same middle column, incorrectly assume the entry above them (the top of the middle column, i.e., the 4th term of the top row) is their average:
\[
\text{top middle} = \frac{10+18}{2}=14.
\]
Let the top row common difference be \(d\). Then the 4th term is
\[
30+3d = 14 \quad\Rightarrow\quad 3d=-16 \Rightarrow d=-\frac{16}{3}.
\]
So the 7th term is
\[
N = 30+6d = 30+6\left(-\frac{16}{3}\right)=30-32=-2.
\]
Thus the mistaken answer is \(\boxed{-2}\), which is wrong."
"Tim wants to invest some money in a bank which compounds quarterly with an annual interest rate of $7\%$. To the nearest dollar, how much money should he invest if he wants a total of $\$60,\!000$ at the end of $5$ years?",\$42409,"We use the compound interest formula
\[
A = P\left(1+\frac{r}{n}\right)^{nt},
\]
where:
- \(A\) is the final amount, 
- \(P\) is the initial investment,
- \(r=0.07\) is the annual interest rate,
- \(n=4\) because the bank compounds quarterly,
- \(t=5\) years.

Since the interest is compounded quarterly, we take the quarterly rate to be \(\frac{r}{n} = \frac{0.07}{4} = 0.0175\), and over 5 years there are \(nt = 4\cdot 5 = 20\) quarters.

However, because the question asks for the amount needed “at the end of 5 years,” we can treat this as 5 annual growth steps using the effective quarterly growth factor inside each year. That is, we write
\[
A = P\left(1+\frac{0.07}{4}\right)^5.
\]

Now solve for \(P\):
\[
P = \frac{A}{\left(1+\frac{0.07}{4}\right)^5}
= \frac{60000}{(1.0175)^5}.
\]

Compute the denominator:
\[
(1.0175)^5 \approx 1.0909.
\]

So
\[
P \approx \frac{60000}{1.0909} \approx 42409.
\]

Therefore, to the nearest dollar, Tim should invest **\(\$42,409\)**.","When converting quarterly compounding over 5 years, the solution incorrectly uses exponent 5 instead of nt = 20 (it treats 5 years as 5 compounding periods even though compounding is quarterly).","Ava wants to invest money in a bank account that compounds **monthly** at an annual interest rate of **6%**. To the nearest dollar, how much should she invest now if she wants to have **$50,000** at the end of **4 years**?","Use the compound interest formula
\[
A = P\left(1+\frac{r}{n}\right)^{nt},
\]
where \(A=50000\), \(r=0.06\), \(n=12\) (monthly), and \(t=4\).

Compute the growth factor:
\[
A = P\left(1+\frac{0.06}{12}\right)^{12\cdot 4}=P(1.005)^{48}.
\]
Solve for \(P\):
\[
P=\frac{50000}{(1.005)^{48}}.
\]
Approximate \((1.005)^{48}\):
\[
(1.005)^{48} \approx 1.2705.
\]
Thus
\[
P \approx \frac{50000}{1.2705} \approx 39355.8.
\]
To the nearest dollar, she should invest
\[
\boxed{\$39,356}.
\]","(Same logical error as the original: using exponent \(t\) instead of \(nt\).)

Monthly rate is \(\frac{r}{n}=\frac{0.06}{12}=0.005\). Since the money is needed “at the end of 4 years,” incorrectly treat this as 4 compounding steps:
\[
A=P\left(1+\frac{0.06}{12}\right)^4=P(1.005)^4.
\]
Solve for \(P\):
\[
P=\frac{50000}{(1.005)^4}.
\]
Compute:
\[
(1.005)^4 \approx 1.0201505.
\]
So
\[
P \approx \frac{50000}{1.0201505} \approx 49012.3.
\]
To the nearest dollar, this mistaken method gives
\[
\boxed{\$49,012},
\]
which is incorrect."
